<?xml version="1.0" encoding="UTF-8"?>
<project-private xmlns="http://www.netbeans.org/ns/project-private/1">
    <editor-bookmarks xmlns="http://www.netbeans.org/ns/editor-bookmarks/2" lastBookmarkId="1">
        <file>
            <url>src/security/Login.java</url>
            <bookmark id="1">
                <name/>
                <line>176</line>
                <key/>
            </bookmark>
        </file>
    </editor-bookmarks>
    <open-files xmlns="http://www.netbeans.org/ns/projectui-open-files/2">
        <group>
            <file>file:/C:/Users/Alecz%20Reyes/Documents/NetBeansProjects/AwaNaLangBaks/src/security/Login.java</file>
            <file>file:/C:/Users/Alecz%20Reyes/Documents/NetBeansProjects/AwaNaLangBaks/src/records/PatientManagementJr.java</file>
            <file>file:/C:/Users/Alecz%20Reyes/Documents/NetBeansProjects/AwaNaLangBaks/src/records/PatientManagementMaster.java</file>
            <file>file:/C:/Users/Alecz%20Reyes/Documents/NetBeansProjects/AwaNaLangBaks/src/records/Dashboard.java</file>
            <file>file:/C:/Users/Alecz%20Reyes/Documents/NetBeansProjects/AwaNaLangBaks/src/finance/Billing.java</file>
            <file>file:/C:/Users/Alecz%20Reyes/Documents/NetBeansProjects/AwaNaLangBaks/src/records/Appointment.java</file>
        </group>
    </open-files>
</project-private>
